record_order,company_name,website,municipality,employees_latest,operating_revenue_latest_k_eur,operating_revenue_previous_k_eur,ebitda_latest_k_eur,ebitda_previous_k_eur,shareholder_name,company_name_normalized,legal_status,has_adverse_legal_status,company_match_key,potential_duplicate,potential_duplicate_count,revenue_growth,revenue_change_k_eur,ebitda_margin,ebitda_change_k_eur,revenue_per_employee_k_eur,ebitda_per_employee_k_eur,has_negative_latest_revenue,has_zero_latest_revenue,has_negative_latest_ebitda,has_revenue_decline,has_extreme_ebitda_margin,has_incomplete_financial_data,data_quality_issue_count,business_risk_signal_count,has_data_quality_issue,has_business_risk_signal,data_quality_status,analytical_eligibility,data_quality_reasons,business_risk_reasons
1,SYNTHETIC NORTHSTAR INDUSTRIES 001 SL,https://synthetic-company-001.example,ALMASSORA,46,5598.334472,5338.19636,1391.059758,1211.627052,SYNTHETIC HOLDING 02 SL,SYNTHETIC NORTHSTAR INDUSTRIES 001 SL,no_adverse_marker,False,SYNTHETIC NORTHSTAR INDUSTRIES 001 SL,False,1,0.0487314618,260.138112,0.2484774293,179.432706,121.7029233,30.24042952,False,False,False,False,False,False,0,0,False,False,clean,eligible,,
2,SYNTHETIC BLUEHAVEN INDUSTRIES 002 SL,,ONDA,78,5116.952653,4362.738522,751.657189,730.655165,,SYNTHETIC BLUEHAVEN INDUSTRIES 002 SL,no_adverse_marker,False,SYNTHETIC BLUEHAVEN INDUSTRIES 002 SL,False,1,0.1728763086,754.214131,0.1468954747,21.002024,65.60195709,9.636630628,False,False,False,False,False,False,0,0,False,False,clean,eligible,,
3,SYNTHETIC SOLARIDGE INDUSTRIES 003 SL,https://synthetic-company-003.example,BENICARLO,24,3146.294115,2770.584899,619.28637,441.622001,SYNTHETIC HOLDING 04 SL,SYNTHETIC SOLARIDGE INDUSTRIES 003 SL,no_adverse_marker,False,SYNTHETIC SOLARIDGE INDUSTRIES 003 SL,False,1,0.1356064621,375.709216,0.196830413,177.664369,131.0955881,25.80359875,False,False,False,False,False,False,0,0,False,False,clean,eligible,,
4,SYNTHETIC IRONVALE INDUSTRIES 004 SL,,BENICARLO,53,5070.93877,5305.922547,403.174912,382.555618,,SYNTHETIC IRONVALE INDUSTRIES 004 SL,no_adverse_marker,False,SYNTHETIC IRONVALE INDUSTRIES 004 SL,False,1,-0.04428707259,-234.983777,0.07950695725,20.619294,95.67809,7.607073811,False,False,False,True,False,False,0,1,False,True,clean,eligible,,revenue_decline
5,SYNTHETIC RIVERSTONE INDUSTRIES 005 SL,https://synthetic-company-005.example,BENICARLO,6,882.270376,703.762633,46.302485,18.799606,SYNTHETIC HOLDING 06 SL,SYNTHETIC RIVERSTONE INDUSTRIES 005 SL,no_adverse_marker,False,SYNTHETIC RIVERSTONE INDUSTRIES 005 SL,False,1,0.2536476571,178.507743,0.05248106052,27.502879,147.0450627,7.717080833,False,False,False,False,False,False,0,0,False,False,clean,eligible,,
6,SYNTHETIC NOVACORE INDUSTRIES 006 SL,,NULES,22,2168.004224,2152.120905,536.242221,262.400278,SYNTHETIC HOLDING 07 SL,SYNTHETIC NOVACORE INDUSTRIES 006 SL,no_adverse_marker,False,SYNTHETIC NOVACORE INDUSTRIES 006 SL,False,1,0.007380309797,15.883319,0.247343716,273.841943,98.54564655,24.37464641,False,False,False,False,False,False,0,0,False,False,clean,eligible,,
7,SYNTHETIC GREENFORGE INDUSTRIES 007 SL,https://synthetic-company-007.example,L'ALCORA,46,2766.541497,3151.143632,426.871715,544.113198,SYNTHETIC HOLDING 08 SL,SYNTHETIC GREENFORGE INDUSTRIES 007 SL,no_adverse_marker,False,SYNTHETIC GREENFORGE INDUSTRIES 007 SL,False,1,-0.1220516041,-384.602135,0.1542979621,-117.241483,60.14220646,9.279819891,False,False,False,True,False,False,0,1,False,True,clean,eligible,,revenue_decline
8,SYNTHETIC CLEARPATH INDUSTRIES 008 SL,,CASTELLO DE LA PLANA,44,3307.998106,2773.702578,768.192478,690.112593,,SYNTHETIC CLEARPATH INDUSTRIES 008 SL,no_adverse_marker,False,SYNTHETIC CLEARPATH INDUSTRIES 008 SL,False,1,0.1926289907,534.295528,0.2322227684,78.079885,75.18177514,17.45891995,False,False,False,False,False,False,0,0,False,False,clean,eligible,,
9,SYNTHETIC PRIMEFIELD INDUSTRIES 009 SL,,L'ALCORA,21,1592.939813,1575.217022,401.215662,359.929858,,SYNTHETIC PRIMEFIELD INDUSTRIES 009 SL,no_adverse_marker,False,SYNTHETIC PRIMEFIELD INDUSTRIES 009 SL,False,1,0.01125101542,17.722791,0.2518711999,41.285804,75.85427681,19.10550771,False,False,False,False,False,False,0,0,False,False,clean,eligible,,
10,SYNTHETIC VECTORLINE INDUSTRIES 010 SL,,NULES,137,17609.39325,17047.07807,1844.839262,563.910043,SYNTHETIC HOLDING 11 SL,SYNTHETIC VECTORLINE INDUSTRIES 010 SL,no_adverse_marker,False,SYNTHETIC VECTORLINE INDUSTRIES 010 SL,False,1,0.03298601559,562.315183,0.104764499,1280.929219,128.5357172,13.46598001,False,False,False,False,False,False,0,0,False,False,clean,eligible,,
11,SYNTHETIC BRIGHTMILL INDUSTRIES 011 SL,https://synthetic-company-011.example,VILA-REAL,70,7935.708741,7860.320438,-880.802666,-510.204886,,SYNTHETIC BRIGHTMILL INDUSTRIES 011 SL,no_adverse_marker,False,SYNTHETIC BRIGHTMILL INDUSTRIES 011 SL,False,1,0.009590996143,75.388303,-0.1109923127,-370.59778,113.3672677,-12.58289523,False,False,True,False,False,False,0,1,False,True,clean,eligible,,negative_latest_ebitda
12,SYNTHETIC AURORA INDUSTRIES 012 SL,https://synthetic-company-012.example,CASTELLO DE LA PLANA,30,3573.852956,4043.212214,555.580369,486.764204,SYNTHETIC HOLDING 01 SL,SYNTHETIC AURORA INDUSTRIES 012 SL,no_adverse_marker,False,SYNTHETIC AURORA INDUSTRIES 012 SL,False,1,-0.1160857341,-469.359258,0.1554569748,68.816165,119.1284319,18.51934563,False,False,False,True,False,False,0,1,False,True,clean,eligible,,revenue_decline
13,SYNTHETIC NORTHSTAR SYSTEMS 013 SL,https://synthetic-company-013.example,ONDA,33,5678.936996,4410.497357,1770.769742,824.27939,SYNTHETIC HOLDING 02 SL,SYNTHETIC NORTHSTAR SYSTEMS 013 SL,no_adverse_marker,False,SYNTHETIC NORTHSTAR SYSTEMS 013 SL,False,1,0.2875956012,1268.439639,0.3118135917,946.490352,172.0889999,53.65968915,False,False,False,False,False,False,0,0,False,False,clean,eligible,,
14,SYNTHETIC BLUEHAVEN SYSTEMS 014 SL,https://synthetic-company-014.example,ALMASSORA,57,4238.828605,4056.150166,1211.958377,1206.939337,SYNTHETIC HOLDING 03 SL,SYNTHETIC BLUEHAVEN SYSTEMS 014 SL,no_adverse_marker,False,SYNTHETIC BLUEHAVEN SYSTEMS 014 SL,False,1,0.04503739544,182.678439,0.2859182312,5.01904,74.36541412,21.26242767,False,False,False,False,False,False,0,0,False,False,clean,eligible,,
15,SYNTHETIC SOLARIDGE SYSTEMS 015 SL,,VILA-REAL,49,7571.371076,7499.667663,1062.850882,1150.90422,SYNTHETIC HOLDING 04 SL,SYNTHETIC SOLARIDGE SYSTEMS 015 SL,no_adverse_marker,False,SYNTHETIC SOLARIDGE SYSTEMS 015 SL,False,1,0.009560878725,71.703413,0.1403775976,-88.053338,154.5177771,21.69083433,False,False,False,False,False,False,0,0,False,False,clean,eligible,,
16,SYNTHETIC IRONVALE SYSTEMS 016 SL,https://synthetic-company-016.example,VILA-REAL,5,617.383972,531.532473,121.950566,84.691014,SYNTHETIC HOLDING 05 SL,SYNTHETIC IRONVALE SYSTEMS 016 SL,no_adverse_marker,False,SYNTHETIC IRONVALE SYSTEMS 016 SL,False,1,0.1615169408,85.851499,0.1975279106,37.259552,123.4767944,24.3901132,False,False,False,False,False,False,0,0,False,False,clean,eligible,,
17,SYNTHETIC RIVERSTONE SYSTEMS 017 SL,,VINAROS,105,12949.54098,13410.39426,2417.49809,2557.648277,SYNTHETIC HOLDING 06 SL,SYNTHETIC RIVERSTONE SYSTEMS 017 SL,no_adverse_marker,False,SYNTHETIC RIVERSTONE SYSTEMS 017 SL,False,1,-0.03436537875,-460.853278,0.1866860063,-140.150187,123.3289617,23.02379133,False,False,False,True,False,False,0,1,False,True,clean,eligible,,revenue_decline
18,SYNTHETIC NOVACORE SYSTEMS 018 SL,https://synthetic-company-018.example,ONDA,5,815.862736,712.693618,-34.37192,-5.313994,,SYNTHETIC NOVACORE SYSTEMS 018 SL,no_adverse_marker,False,SYNTHETIC NOVACORE SYSTEMS 018 SL,False,1,0.1447594245,103.169118,-0.04212953783,-29.057926,163.1725472,-6.874384,False,False,True,False,False,False,0,1,False,True,clean,eligible,,negative_latest_ebitda
19,SYNTHETIC GREENFORGE SYSTEMS 019 SL,https://synthetic-company-019.example,VILA-REAL,8,860.049617,807.606635,212.924898,177.902847,SYNTHETIC HOLDING 08 SL,SYNTHETIC GREENFORGE SYSTEMS 019 SL,no_adverse_marker,False,SYNTHETIC GREENFORGE SYSTEMS 019 SL,False,1,0.06493629414,52.442982,0.2475728072,35.022051,107.5062021,26.61561225,False,False,False,False,False,False,0,0,False,False,clean,eligible,,
20,SYNTHETIC CLEARPATH SYSTEMS 020 SL,https://synthetic-company-020.example,ALMASSORA,12,926.057845,961.067118,92.576814,92.968589,SYNTHETIC HOLDING 09 SL,SYNTHETIC CLEARPATH SYSTEMS 020 SL,no_adverse_marker,False,SYNTHETIC CLEARPATH SYSTEMS 020 SL,False,1,-0.03642750058,-35.009273,0.09996871632,-0.391775,77.17148708,7.7147345,False,False,False,True,False,False,0,1,False,True,clean,eligible,,revenue_decline
21,SYNTHETIC PRIMEFIELD SYSTEMS 021 SL,https://synthetic-company-021.example,VILA-REAL,31,1683.526132,1973.657384,376.061655,404.539431,SYNTHETIC HOLDING 10 SL,SYNTHETIC PRIMEFIELD SYSTEMS 021 SL,no_adverse_marker,False,SYNTHETIC PRIMEFIELD SYSTEMS 021 SL,False,1,-0.1470018324,-290.131252,0.2233773791,-28.477776,54.30729458,12.13102113,False,False,False,True,False,False,0,1,False,True,clean,eligible,,revenue_decline
22,SYNTHETIC VECTORLINE SYSTEMS 022 SL,https://synthetic-company-022.example,VINAROS,5,671.404818,691.372131,76.551804,76.453342,SYNTHETIC HOLDING 11 SL,SYNTHETIC VECTORLINE SYSTEMS 022 SL,no_adverse_marker,False,SYNTHETIC VECTORLINE SYSTEMS 022 SL,False,1,-0.02888070274,-19.967313,0.1140173587,0.098462,134.2809636,15.3103608,False,False,False,True,False,False,0,1,False,True,clean,eligible,,revenue_decline
23,SYNTHETIC BRIGHTMILL SYSTEMS 023 SL,https://synthetic-company-023.example,VILA-REAL,23,2476.850827,2012.048033,237.457175,211.482056,SYNTHETIC HOLDING 12 SL,SYNTHETIC BRIGHTMILL SYSTEMS 023 SL,no_adverse_marker,False,SYNTHETIC BRIGHTMILL SYSTEMS 023 SL,False,1,0.2310097902,464.802794,0.09587060004,25.975119,107.6891664,10.324225,False,False,False,False,False,False,0,0,False,False,clean,eligible,,
24,SYNTHETIC AURORA SYSTEMS 024 SL,,VINAROS,28,1735.212172,1550.480569,-75.837478,19.69288,SYNTHETIC HOLDING 01 SL,SYNTHETIC AURORA SYSTEMS 024 SL,no_adverse_marker,False,SYNTHETIC AURORA SYSTEMS 024 SL,False,1,0.1191447392,184.731603,-0.0437050173,-95.530358,61.97186329,-2.708481357,False,False,True,False,False,False,0,1,False,True,clean,eligible,,negative_latest_ebitda
25,SYNTHETIC NORTHSTAR MATERIALS 025 SL (EXTINGUIDA),https://synthetic-company-025.example,ONDA,26,1844.791357,2052.940806,107.751517,242.370868,,SYNTHETIC NORTHSTAR MATERIALS 025 SL EXTINGUIDA,extinct,True,SYNTHETIC NORTHSTAR MATERIALS 025 SL,False,1,-0.1013908674,-208.149449,0.0584085114,-134.619351,70.95351373,4.144289115,False,False,False,True,False,False,0,2,False,True,clean,eligible,,adverse_legal_status|revenue_decline
26,SYNTHETIC BLUEHAVEN MATERIALS 026 SL,https://synthetic-company-026.example,L'ALCORA,5,238.914846,220.505876,17.584646,1.537601,,SYNTHETIC BLUEHAVEN MATERIALS 026 SL,no_adverse_marker,False,SYNTHETIC BLUEHAVEN MATERIALS 026 SL,False,1,0.08348516753,18.40897,0.07360214861,16.047045,47.7829692,3.5169292,False,False,False,False,False,False,0,0,False,False,clean,eligible,,
27,SYNTHETIC SOLARIDGE MATERIALS 027 SL,https://synthetic-company-027.example,ALMASSORA,8,1380.079097,1172.717537,-79.484293,-86.609735,SYNTHETIC HOLDING 04 SL,SYNTHETIC SOLARIDGE MATERIALS 027 SL,no_adverse_marker,False,SYNTHETIC SOLARIDGE MATERIALS 027 SL,False,1,0.1768214028,207.36156,-0.05759401267,7.125442,172.5098871,-9.935536625,False,False,True,False,False,False,0,1,False,True,clean,eligible,,negative_latest_ebitda
28,SYNTHETIC IRONVALE MATERIALS 028 SL,https://synthetic-company-028.example,VINAROS,13,1550.561002,1215.840733,32.727376,117.857438,SYNTHETIC HOLDING 05 SL,SYNTHETIC IRONVALE MATERIALS 028 SL,no_adverse_marker,False,SYNTHETIC IRONVALE MATERIALS 028 SL,False,1,0.2752994368,334.720269,0.0211067968,-85.130062,119.2739232,2.517490462,False,False,False,False,False,False,0,0,False,False,clean,eligible,,
29,SYNTHETIC RIVERSTONE MATERIALS 029 SL,https://synthetic-company-029.example,CASTELLO DE LA PLANA,8,453.493048,497.665719,49.582368,63.132859,,SYNTHETIC RIVERSTONE MATERIALS 029 SL,no_adverse_marker,False,SYNTHETIC RIVERSTONE MATERIALS 029 SL,False,1,-0.08875972227,-44.172671,0.1093343508,-13.550491,56.686631,6.197796,False,False,False,True,False,False,0,1,False,True,clean,eligible,,revenue_decline
30,SYNTHETIC NOVACORE MATERIALS 030 SL,https://synthetic-company-030.example,VILA-REAL,23,6418.696216,4926.668926,1106.108897,570.19899,SYNTHETIC HOLDING 07 SL,SYNTHETIC NOVACORE MATERIALS 030 SL,no_adverse_marker,False,SYNTHETIC NOVACORE MATERIALS 030 SL,False,1,0.3028470783,1492.02729,0.1723261017,535.909907,279.0737485,48.09169117,False,False,False,False,False,False,0,0,False,False,clean,eligible,,
31,SYNTHETIC GREENFORGE MATERIALS 031 SL,https://synthetic-company-031.example,VILA-REAL,10,694.693234,663.154455,31.93788,75.816049,SYNTHETIC HOLDING 08 SL,SYNTHETIC GREENFORGE MATERIALS 031 SL,no_adverse_marker,False,SYNTHETIC GREENFORGE MATERIALS 031 SL,False,1,0.04755872295,31.538779,0.04597407667,-43.878169,69.4693234,3.193788,False,False,False,False,False,False,0,0,False,False,clean,eligible,,
32,SYNTHETIC CLEARPATH MATERIALS 032 SL,,VINAROS,8,1293.241774,1264.656464,126.487291,105.074642,,SYNTHETIC CLEARPATH MATERIALS 032 SL,no_adverse_marker,False,SYNTHETIC CLEARPATH MATERIALS 032 SL,False,1,0.02260322136,28.58531,0.09780637584,21.412649,161.6552218,15.81091137,False,False,False,False,False,False,0,0,False,False,clean,eligible,,
33,SYNTHETIC PRIMEFIELD MATERIALS 033 SL (EN LIQUIDACION),https://synthetic-company-033.example,VILA-REAL,22,2697.418413,2596.174818,10.352965,-167.433566,,SYNTHETIC PRIMEFIELD MATERIALS 033 SL EN LIQUIDACION,in_liquidation,True,SYNTHETIC PRIMEFIELD MATERIALS 033 SL,False,1,0.03899721787,101.243595,0.003838101256,177.786531,122.6099279,0.4705893182,False,False,False,False,False,False,0,1,False,True,clean,eligible,,adverse_legal_status
34,SYNTHETIC VECTORLINE MATERIALS 034 SL,https://synthetic-company-034.example,VINAROS,12,2878.50392,2801.025756,-97.821683,145.565414,SYNTHETIC HOLDING 11 SL,SYNTHETIC VECTORLINE MATERIALS 034 SL,no_adverse_marker,False,SYNTHETIC VECTORLINE MATERIALS 034 SL,False,1,0.02766063962,77.478164,-0.03398351565,-243.387097,239.8753267,-8.151806917,False,False,True,False,False,False,0,1,False,True,clean,eligible,,negative_latest_ebitda
35,SYNTHETIC BRIGHTMILL MATERIALS 035 SL,https://synthetic-company-035.example,L'ALCORA,49,2873.719175,3320.875196,27.263423,300.694974,SYNTHETIC HOLDING 12 SL,SYNTHETIC BRIGHTMILL MATERIALS 035 SL,no_adverse_marker,False,SYNTHETIC BRIGHTMILL MATERIALS 035 SL,False,1,-0.134650053,-447.156021,0.009487156309,-273.431551,58.6473301,0.5563963878,False,False,False,True,False,False,0,1,False,True,clean,eligible,,revenue_decline
36,SYNTHETIC AURORA MATERIALS 036 SL,https://synthetic-company-036.example,CASTELLO DE LA PLANA,28,1455.766483,1824.283279,-79.666249,-115.380016,SYNTHETIC HOLDING 01 SL,SYNTHETIC AURORA MATERIALS 036 SL,no_adverse_marker,False,SYNTHETIC AURORA MATERIALS 036 SL,False,1,-0.2020063442,-368.516796,-0.05472460723,35.713767,51.99166011,-2.845223179,False,False,True,True,False,False,0,2,False,True,clean,eligible,,negative_latest_ebitda|revenue_decline
37,SYNTHETIC NORTHSTAR SOLUTIONS 037 SL,https://synthetic-company-037.example,BENICARLO,21,3765.767747,3014.539597,767.205861,195.310682,,SYNTHETIC NORTHSTAR SOLUTIONS 037 SL,no_adverse_marker,False,SYNTHETIC NORTHSTAR SOLUTIONS 037 SL,False,1,0.2492016196,751.22815,0.2037315927,571.895179,179.3222737,36.53361243,False,False,False,False,False,False,0,0,False,False,clean,eligible,,
38,SYNTHETIC BLUEHAVEN SOLUTIONS 038 SL,https://synthetic-company-038.example,ONDA,16,1203.137135,1089.228499,136.120961,85.358692,,SYNTHETIC BLUEHAVEN SOLUTIONS 038 SL,no_adverse_marker,False,SYNTHETIC BLUEHAVEN SOLUTIONS 038 SL,False,1,0.1045773555,113.908636,0.1131383589,50.762269,75.19607094,8.507560062,False,False,False,False,False,False,0,0,False,False,clean,eligible,,
39,SYNTHETIC SOLARIDGE SOLUTIONS 039 SL,,NULES,10,1186.364996,1480.764548,1.245254,33.385994,,SYNTHETIC SOLARIDGE SOLUTIONS 039 SL,no_adverse_marker,False,SYNTHETIC SOLARIDGE SOLUTIONS 039 SL,False,1,-0.1988159106,-294.399552,0.001049638184,-32.14074,118.6364996,0.1245254,False,False,False,True,False,False,0,1,False,True,clean,eligible,,revenue_decline
40,SYNTHETIC IRONVALE SOLUTIONS 040 SL,https://synthetic-company-040.example,ONDA,21,2391.201294,2043.055724,107.953184,145.844729,,SYNTHETIC IRONVALE SOLUTIONS 040 SL,no_adverse_marker,False,SYNTHETIC IRONVALE SOLUTIONS 040 SL,False,1,0.1704043438,348.14557,0.04514600434,-37.891545,113.8667283,5.14062781,False,False,False,False,False,False,0,0,False,False,clean,eligible,,
41,SYNTHETIC RIVERSTONE SOLUTIONS 041 SL,https://synthetic-company-041.example,BENICARLO,34,3412.268118,3381.757951,301.226762,288.390691,,SYNTHETIC RIVERSTONE SOLUTIONS 041 SL,no_adverse_marker,False,SYNTHETIC RIVERSTONE SOLUTIONS 041 SL,False,1,0.009021984259,30.510167,0.08827757714,12.836071,100.360827,8.859610647,False,False,False,False,False,False,0,0,False,False,clean,eligible,,
42,SYNTHETIC NOVACORE SOLUTIONS 042 SL,,NULES,7,590.720738,604.739306,-21.125229,5.449577,SYNTHETIC HOLDING 07 SL,SYNTHETIC NOVACORE SOLUTIONS 042 SL,no_adverse_marker,False,SYNTHETIC NOVACORE SOLUTIONS 042 SL,False,1,-0.02318117553,-14.018568,-0.03576178665,-26.574806,84.38867686,-3.017889857,False,False,True,True,False,False,0,2,False,True,clean,eligible,,negative_latest_ebitda|revenue_decline
43,SYNTHETIC GREENFORGE SOLUTIONS 043 SL,https://synthetic-company-043.example,ONDA,33,4411.007212,4173.337305,-179.20436,-323.604586,,SYNTHETIC GREENFORGE SOLUTIONS 043 SL,no_adverse_marker,False,SYNTHETIC GREENFORGE SOLUTIONS 043 SL,False,1,0.05694960403,237.669907,-0.04062663047,144.400226,133.6668852,-5.430435152,False,False,True,False,False,False,0,1,False,True,clean,eligible,,negative_latest_ebitda
44,SYNTHETIC CLEARPATH SOLUTIONS 044 SL,https://synthetic-company-044.example,VILA-REAL,84,9583.019143,10523.59114,1191.388592,1917.934177,SYNTHETIC HOLDING 09 SL,SYNTHETIC CLEARPATH SOLUTIONS 044 SL,no_adverse_marker,False,SYNTHETIC CLEARPATH SOLUTIONS 044 SL,False,1,-0.08937747433,-940.571997,0.1243228855,-726.545585,114.0835612,14.18319752,False,False,False,True,False,False,0,1,False,True,clean,eligible,,revenue_decline
45,SYNTHETIC PRIMEFIELD SOLUTIONS 045 SL,https://synthetic-company-045.example,VILA-REAL,50,1897.721801,2456.503605,327.056599,317.613491,SYNTHETIC HOLDING 10 SL,SYNTHETIC PRIMEFIELD SOLUTIONS 045 SL,no_adverse_marker,False,SYNTHETIC PRIMEFIELD SOLUTIONS 045 SL,False,1,-0.2274703782,-558.781804,0.1723416988,9.443108,37.95443602,6.54113198,False,False,False,True,False,False,0,1,False,True,clean,eligible,,revenue_decline
46,SYNTHETIC VECTORLINE SOLUTIONS 046 SL,https://synthetic-company-046.example,ALMASSORA,19,2381.760709,2610.981295,186.422477,126.254377,SYNTHETIC HOLDING 11 SL,SYNTHETIC VECTORLINE SOLUTIONS 046 SL,no_adverse_marker,False,SYNTHETIC VECTORLINE SOLUTIONS 046 SL,False,1,-0.08779097209,-229.220586,0.07827086755,60.1681,125.3558268,9.811709316,False,False,False,True,False,False,0,1,False,True,clean,eligible,,revenue_decline
47,SYNTHETIC BRIGHTMILL SOLUTIONS 047 SL,https://synthetic-company-047.example,NULES,59,10042.04214,11244.06208,1298.878507,2016.807422,SYNTHETIC HOLDING 12 SL,SYNTHETIC BRIGHTMILL SOLUTIONS 047 SL,no_adverse_marker,False,SYNTHETIC BRIGHTMILL SOLUTIONS 047 SL,False,1,-0.1069026421,-1202.019944,0.1293440606,-717.928915,170.204104,22.01488995,False,False,False,True,False,False,0,1,False,True,clean,eligible,,revenue_decline
48,SYNTHETIC AURORA SOLUTIONS 048 SL,https://synthetic-company-048.example,NULES,37,4783.166842,4692.401443,240.294413,194.763833,,SYNTHETIC AURORA SOLUTIONS 048 SL,no_adverse_marker,False,SYNTHETIC AURORA SOLUTIONS 048 SL,False,1,0.01934305922,90.765399,0.05023751438,45.53058,129.2747795,6.494443595,False,False,False,False,False,False,0,0,False,False,clean,eligible,,
49,SYNTHETIC NORTHSTAR TECHNOLOGIES 049 SL,https://synthetic-company-049.example,ONDA,25,2409.406602,2908.915656,-49.259838,-175.622251,SYNTHETIC HOLDING 02 SL,SYNTHETIC NORTHSTAR TECHNOLOGIES 049 SL,no_adverse_marker,False,SYNTHETIC NORTHSTAR TECHNOLOGIES 049 SL,False,1,-0.1717165821,-499.509054,-0.02044480079,126.362413,96.37626408,-1.97039352,False,False,True,True,False,False,0,2,False,True,clean,eligible,,negative_latest_ebitda|revenue_decline
50,SYNTHETIC BLUEHAVEN TECHNOLOGIES 050 SL (EXTINGUIDA),https://synthetic-company-050.example,ALMASSORA,15,2091.710481,1596.987161,237.899774,94.768724,,SYNTHETIC BLUEHAVEN TECHNOLOGIES 050 SL EXTINGUIDA,extinct,True,SYNTHETIC BLUEHAVEN TECHNOLOGIES 050 SL,False,1,0.3097854085,494.72332,0.1137345613,143.13105,139.4473654,15.85998493,False,False,False,False,False,False,0,1,False,True,clean,eligible,,adverse_legal_status
51,SYNTHETIC SOLARIDGE TECHNOLOGIES 051 SL,https://synthetic-company-051.example,CASTELLO DE LA PLANA,43,6159.936751,6577.665424,920.42015,755.147294,SYNTHETIC HOLDING 04 SL,SYNTHETIC SOLARIDGE TECHNOLOGIES 051 SL,no_adverse_marker,False,SYNTHETIC SOLARIDGE TECHNOLOGIES 051 SL,False,1,-0.06350713301,-417.728673,0.1494203897,165.272856,143.254343,21.40511977,False,False,False,True,False,False,0,1,False,True,clean,eligible,,revenue_decline
52,SYNTHETIC IRONVALE TECHNOLOGIES 052 SL,https://synthetic-company-052.example,VINAROS,36,3353.501607,2838.618079,406.834573,532.611641,,SYNTHETIC IRONVALE TECHNOLOGIES 052 SL,no_adverse_marker,False,SYNTHETIC IRONVALE TECHNOLOGIES 052 SL,False,1,0.1813852775,514.883528,0.1213163495,-125.777068,93.15282242,11.30096036,False,False,False,False,False,False,0,0,False,False,clean,eligible,,
53,SYNTHETIC RIVERSTONE TECHNOLOGIES 053 SL,https://synthetic-company-053.example,NULES,16,2700.878333,2439.088072,667.608403,409.043402,,SYNTHETIC RIVERSTONE TECHNOLOGIES 053 SL,no_adverse_marker,False,SYNTHETIC RIVERSTONE TECHNOLOGIES 053 SL,False,1,0.1073312046,261.790261,0.2471819611,258.565001,168.8048958,41.72552519,False,False,False,False,False,False,0,0,False,False,clean,eligible,,
54,SYNTHETIC NOVACORE TECHNOLOGIES 054 SL,https://synthetic-company-054.example,ALMASSORA,5,365.459247,332.233245,57.343892,44.279297,SYNTHETIC HOLDING 07 SL,SYNTHETIC NOVACORE TECHNOLOGIES 054 SL,no_adverse_marker,False,SYNTHETIC NOVACORE TECHNOLOGIES 054 SL,False,1,0.1000080591,33.226002,0.1569091286,13.064595,73.0918494,11.4687784,False,False,False,False,False,False,0,0,False,False,clean,eligible,,
55,SYNTHETIC GREENFORGE TECHNOLOGIES 055 SL,https://synthetic-company-055.example,VINAROS,38,2749.139799,3239.909438,123.264975,-213.649542,SYNTHETIC HOLDING 08 SL,SYNTHETIC GREENFORGE TECHNOLOGIES 055 SL,no_adverse_marker,False,SYNTHETIC GREENFORGE TECHNOLOGIES 055 SL,False,1,-0.1514763448,-490.769639,0.04483765251,336.914517,72.34578418,3.243815132,False,False,False,True,False,False,0,1,False,True,clean,eligible,,revenue_decline
56,SYNTHETIC CLEARPATH TECHNOLOGIES 056 SL,https://synthetic-company-056.example,CASTELLO DE LA PLANA,17,1434.643017,1463.123249,120.259198,172.544897,SYNTHETIC HOLDING 09 SL,SYNTHETIC CLEARPATH TECHNOLOGIES 056 SL,no_adverse_marker,False,SYNTHETIC CLEARPATH TECHNOLOGIES 056 SL,False,1,-0.01946536768,-28.480232,0.08382517224,-52.285699,84.39076571,7.074070471,False,False,False,True,False,False,0,1,False,True,clean,eligible,,revenue_decline
57,SYNTHETIC PRIMEFIELD TECHNOLOGIES 057 SL,https://synthetic-company-057.example,NULES,160,17193.89445,14845.08186,2468.231202,2781.275494,SYNTHETIC HOLDING 10 SL,SYNTHETIC PRIMEFIELD TECHNOLOGIES 057 SL,no_adverse_marker,False,SYNTHETIC PRIMEFIELD TECHNOLOGIES 057 SL,False,1,0.1582215989,2348.812587,0.1435527716,-313.044292,107.4618403,15.42644501,False,False,False,False,False,False,0,0,False,False,clean,eligible,,
58,SYNTHETIC VECTORLINE TECHNOLOGIES 058 SL,https://synthetic-company-058.example,ALMASSORA,6,484.624514,398.264916,-63.37016,-14.981738,SYNTHETIC HOLDING 11 SL,SYNTHETIC VECTORLINE TECHNOLOGIES 058 SL,no_adverse_marker,False,SYNTHETIC VECTORLINE TECHNOLOGIES 058 SL,False,1,0.2168395822,86.359598,-0.1307613589,-48.388422,80.77075233,-10.56169333,False,False,True,False,False,False,0,1,False,True,clean,eligible,,negative_latest_ebitda
59,SYNTHETIC BRIGHTMILL TECHNOLOGIES 059 SL,https://synthetic-company-059.example,ONDA,16,3853.237889,4006.602647,760.073086,574.829219,SYNTHETIC HOLDING 12 SL,SYNTHETIC BRIGHTMILL TECHNOLOGIES 059 SL,no_adverse_marker,False,SYNTHETIC BRIGHTMILL TECHNOLOGIES 059 SL,False,1,-0.03827800546,-153.364758,0.1972556867,185.243867,240.8273681,47.50456787,False,False,False,True,False,False,0,1,False,True,clean,eligible,,revenue_decline
60,SYNTHETIC AURORA TECHNOLOGIES 060 SL,https://synthetic-company-060.example,NULES,15,2484.870729,2801.938718,-136.454949,109.960976,SYNTHETIC HOLDING 01 SL,SYNTHETIC AURORA TECHNOLOGIES 060 SL,no_adverse_marker,False,SYNTHETIC AURORA TECHNOLOGIES 060 SL,False,1,-0.1131602154,-317.067989,-0.05491430496,-246.415925,165.6580486,-9.0969966,False,False,True,True,False,False,0,2,False,True,clean,eligible,,negative_latest_ebitda|revenue_decline
61,SYNTHETIC NORTHSTAR OPERATIONS 061 SL,https://synthetic-company-061.example,VINAROS,43,6421.613693,6149.295286,-779.161917,-776.101765,,SYNTHETIC NORTHSTAR OPERATIONS 061 SL,no_adverse_marker,False,SYNTHETIC NORTHSTAR OPERATIONS 061 SL,False,1,0.04428449023,272.318407,-0.1213342867,-3.060152,149.3398533,-18.12004458,False,False,True,False,False,False,0,1,False,True,clean,eligible,,negative_latest_ebitda
62,SYNTHETIC BLUEHAVEN OPERATIONS 062 SL,https://synthetic-company-062.example,NULES,30,4304.491451,3369.330435,926.208164,709.541345,SYNTHETIC HOLDING 03 SL,SYNTHETIC BLUEHAVEN OPERATIONS 062 SL,no_adverse_marker,False,SYNTHETIC BLUEHAVEN OPERATIONS 062 SL,False,1,0.2775509954,935.161016,0.2151724947,216.666819,143.4830484,30.87360547,False,False,False,False,False,False,0,0,False,False,clean,eligible,,
63,SYNTHETIC SOLARIDGE OPERATIONS 063 SL,https://synthetic-company-063.example,VINAROS,11,1101.509351,1441.061587,82.869336,99.053854,,SYNTHETIC SOLARIDGE OPERATIONS 063 SL,no_adverse_marker,False,SYNTHETIC SOLARIDGE OPERATIONS 063 SL,False,1,-0.235626457,-339.552236,0.07523253064,-16.184518,100.1372137,7.533576,False,False,False,True,False,False,0,1,False,True,clean,eligible,,revenue_decline
64,SYNTHETIC IRONVALE OPERATIONS 064 SL,https://synthetic-company-064.example,L'ALCORA,19,3613.788524,3102.921175,-365.360958,-266.29371,,SYNTHETIC IRONVALE OPERATIONS 064 SL,no_adverse_marker,False,SYNTHETIC IRONVALE OPERATIONS 064 SL,False,1,0.1646407756,510.867349,-0.1011019199,-99.067248,190.199396,-19.22952411,False,False,True,False,False,False,0,1,False,True,clean,eligible,,negative_latest_ebitda
65,SYNTHETIC RIVERSTONE OPERATIONS 065 SL,,ONDA,87,11495.24558,10719.45632,1536.411774,1066.604629,,SYNTHETIC RIVERSTONE OPERATIONS 065 SL,no_adverse_marker,False,SYNTHETIC RIVERSTONE OPERATIONS 065 SL,False,1,0.07237207196,775.789264,0.133656281,469.807145,132.1292596,17.65990545,False,False,False,False,False,False,0,0,False,False,clean,eligible,,
66,SYNTHETIC NOVACORE OPERATIONS 066 SL (EN LIQUIDACION),https://synthetic-company-066.example,VINAROS,12,1626.856929,2200.710627,-2.245767,-33.016387,SYNTHETIC HOLDING 07 SL,SYNTHETIC NOVACORE OPERATIONS 066 SL EN LIQUIDACION,in_liquidation,True,SYNTHETIC NOVACORE OPERATIONS 066 SL,False,1,-0.2607583618,-573.853698,-0.001380433005,30.77062,135.5714108,-0.18714725,False,False,True,True,False,False,0,3,False,True,clean,eligible,,adverse_legal_status|negative_latest_ebitda|revenue_decline
67,SYNTHETIC GREENFORGE OPERATIONS 067 SL,,BENICARLO,14,1098.697323,1238.820907,154.080868,242.986016,,SYNTHETIC GREENFORGE OPERATIONS 067 SL,no_adverse_marker,False,SYNTHETIC GREENFORGE OPERATIONS 067 SL,False,1,-0.1131104449,-140.123584,0.1402395954,-88.905148,78.47838021,11.00577629,False,False,False,True,False,False,0,1,False,True,clean,eligible,,revenue_decline
68,SYNTHETIC CLEARPATH OPERATIONS 068 SL,https://synthetic-company-068.example,ONDA,5,1036.165915,1201.666544,-126.351208,-246.731825,SYNTHETIC HOLDING 09 SL,SYNTHETIC CLEARPATH OPERATIONS 068 SL,no_adverse_marker,False,SYNTHETIC CLEARPATH OPERATIONS 068 SL,False,1,-0.1377259189,-165.500629,-0.1219410967,120.380617,207.233183,-25.2702416,False,False,True,True,False,False,0,2,False,True,clean,eligible,,negative_latest_ebitda|revenue_decline
69,SYNTHETIC PRIMEFIELD OPERATIONS 069 SL,https://synthetic-company-069.example,L'ALCORA,25,2153.385841,2133.054506,468.410894,325.364089,,SYNTHETIC PRIMEFIELD OPERATIONS 069 SL,no_adverse_marker,False,SYNTHETIC PRIMEFIELD OPERATIONS 069 SL,False,1,0.009531559059,20.331335,0.2175229748,143.046805,86.13543364,18.73643576,False,False,False,False,False,False,0,0,False,False,clean,eligible,,
70,SYNTHETIC VECTORLINE OPERATIONS 070 SL,,L'ALCORA,6,1496.283613,1260.281712,408.110713,411.26062,,SYNTHETIC VECTORLINE OPERATIONS 070 SL,no_adverse_marker,False,SYNTHETIC VECTORLINE OPERATIONS 070 SL,False,1,0.187261228,236.001901,0.2727495706,-3.149907,249.3806022,68.01845217,False,False,False,False,False,False,0,0,False,False,clean,eligible,,
71,SYNTHETIC BRIGHTMILL OPERATIONS 071 SL,https://synthetic-company-071.example,BENICARLO,7,870.530779,843.131489,231.217333,219.017042,SYNTHETIC HOLDING 12 SL,SYNTHETIC BRIGHTMILL OPERATIONS 071 SL,no_adverse_marker,False,SYNTHETIC BRIGHTMILL OPERATIONS 071 SL,False,1,0.03249705456,27.39929,0.2656050063,12.200291,124.3615399,33.03104757,False,False,False,False,False,False,0,0,False,False,clean,eligible,,
72,SYNTHETIC AURORA OPERATIONS 072 SL,https://synthetic-company-072.example,VINAROS,66,14039.05887,12008.41994,889.453409,606.469204,SYNTHETIC HOLDING 01 SL,SYNTHETIC AURORA OPERATIONS 072 SL,no_adverse_marker,False,SYNTHETIC AURORA OPERATIONS 072 SL,False,1,0.1691012583,2030.638923,0.06335562928,282.984205,212.7130131,13.4765668,False,False,False,False,False,False,0,0,False,False,clean,eligible,,
73,SYNTHETIC NORTHSTAR MANUFACTURING 073 SL,,L'ALCORA,115,24806.82075,20299.74714,3746.741511,504.471055,SYNTHETIC HOLDING 02 SL,SYNTHETIC NORTHSTAR MANUFACTURING 073 SL,no_adverse_marker,False,SYNTHETIC NORTHSTAR MANUFACTURING 073 SL,False,1,0.2220260961,4507.073609,0.1510367471,3242.270456,215.7114848,32.58036097,False,False,False,False,False,False,0,0,False,False,clean,eligible,,
74,SYNTHETIC BLUEHAVEN MANUFACTURING 074 SL,,NULES,9,1656.043596,1115.031392,265.550293,207.993345,,SYNTHETIC BLUEHAVEN MANUFACTURING 074 SL,no_adverse_marker,False,SYNTHETIC BLUEHAVEN MANUFACTURING 074 SL,False,1,0.4851990786,541.012204,0.1603522357,57.556948,184.004844,29.50558811,False,False,False,False,False,False,0,0,False,False,clean,eligible,,
75,SYNTHETIC SOLARIDGE MANUFACTURING 075 SL (EXTINGUIDA),,VINAROS,11,1671.496568,2069.529752,343.433907,274.770146,SYNTHETIC HOLDING 04 SL,SYNTHETIC SOLARIDGE MANUFACTURING 075 SL EXTINGUIDA,extinct,True,SYNTHETIC SOLARIDGE MANUFACTURING 075 SL,False,1,-0.1923302545,-398.033184,0.205464919,68.663761,151.9542335,31.22126427,False,False,False,True,False,False,0,2,False,True,clean,eligible,,adverse_legal_status|revenue_decline
76,SYNTHETIC IRONVALE MANUFACTURING 076 SL,https://synthetic-company-076.example,ONDA,40,6863.697989,7731.435249,98.81778,-231.007665,SYNTHETIC HOLDING 05 SL,SYNTHETIC IRONVALE MANUFACTURING 076 SL,no_adverse_marker,False,SYNTHETIC IRONVALE MANUFACTURING 076 SL,False,1,-0.1122349515,-867.73726,0.01439716318,329.825445,171.5924497,2.4704445,False,False,False,True,False,False,0,1,False,True,clean,eligible,,revenue_decline
77,SYNTHETIC RIVERSTONE MANUFACTURING 077 SL,https://synthetic-company-077.example,ALMASSORA,37,3290.833972,2966.072456,241.49394,116.760012,SYNTHETIC HOLDING 06 SL,SYNTHETIC RIVERSTONE MANUFACTURING 077 SL,no_adverse_marker,False,SYNTHETIC RIVERSTONE MANUFACTURING 077 SL,False,1,0.1094921047,324.761516,0.07338381154,124.733928,88.9414587,6.526863243,False,False,False,False,False,False,0,0,False,False,clean,eligible,,
78,SYNTHETIC NOVACORE MANUFACTURING 078 SL,https://synthetic-company-078.example,ALMASSORA,8,568.999546,561.364243,148.277076,122.71113,SYNTHETIC HOLDING 07 SL,SYNTHETIC NOVACORE MANUFACTURING 078 SL,no_adverse_marker,False,SYNTHETIC NOVACORE MANUFACTURING 078 SL,False,1,0.01360133478,7.635303,0.2605926086,25.565946,71.12494325,18.5346345,False,False,False,False,False,False,0,0,False,False,clean,eligible,,
79,SYNTHETIC GREENFORGE MANUFACTURING 079 SL,https://synthetic-company-079.example,BENICARLO,24,1637.546251,1641.480847,3.015327,43.770825,SYNTHETIC HOLDING 08 SL,SYNTHETIC GREENFORGE MANUFACTURING 079 SL,no_adverse_marker,False,SYNTHETIC GREENFORGE MANUFACTURING 079 SL,False,1,-0.002396979537,-3.934596,0.001841369059,-40.755498,68.23109379,0.125638625,False,False,False,True,False,False,0,1,False,True,clean,eligible,,revenue_decline
80,SYNTHETIC CLEARPATH MANUFACTURING 080 SL,https://synthetic-company-080.example,CASTELLO DE LA PLANA,34,2297.619598,2592.737954,548.112972,545.68024,SYNTHETIC HOLDING 09 SL,SYNTHETIC CLEARPATH MANUFACTURING 080 SL,no_adverse_marker,False,SYNTHETIC CLEARPATH MANUFACTURING 080 SL,False,1,-0.1138249839,-295.118356,0.238556884,2.432732,67.577047,16.12096976,False,False,False,True,False,False,0,1,False,True,clean,eligible,,revenue_decline
81,SYNTHETIC PRIMEFIELD MANUFACTURING 081 SL,,NULES,44,5716.664192,6116.310735,582.294436,327.911097,SYNTHETIC HOLDING 10 SL,SYNTHETIC PRIMEFIELD MANUFACTURING 081 SL,no_adverse_marker,False,SYNTHETIC PRIMEFIELD MANUFACTURING 081 SL,False,1,-0.06534111171,-399.646543,0.1018591291,254.383339,129.9241862,13.23396445,False,False,False,True,False,False,0,1,False,True,clean,eligible,,revenue_decline
82,SYNTHETIC VECTORLINE MANUFACTURING 082 SL,https://synthetic-company-082.example,ALMASSORA,16,1562.594223,1635.228591,133.646228,40.759804,,SYNTHETIC VECTORLINE MANUFACTURING 082 SL,no_adverse_marker,False,SYNTHETIC VECTORLINE MANUFACTURING 082 SL,False,1,-0.04441847972,-72.634368,0.08552842832,92.886424,97.66213894,8.35288925,False,False,False,True,False,False,0,1,False,True,clean,eligible,,revenue_decline
83,SYNTHETIC BRIGHTMILL MANUFACTURING 083 SL,https://synthetic-company-083.example,VILA-REAL,55,4149.885201,4040.57981,1165.470344,1066.667107,SYNTHETIC HOLDING 12 SL,SYNTHETIC BRIGHTMILL MANUFACTURING 083 SL,no_adverse_marker,False,SYNTHETIC BRIGHTMILL MANUFACTURING 083 SL,False,1,0.02705190743,109.305391,0.2808439963,98.803237,75.4524582,21.19036989,False,False,False,False,False,False,0,0,False,False,clean,eligible,,
84,SYNTHETIC AURORA MANUFACTURING 084 SL,,ONDA,10,1038.353394,1115.459333,223.866974,124.939732,SYNTHETIC HOLDING 01 SL,SYNTHETIC AURORA MANUFACTURING 084 SL,no_adverse_marker,False,SYNTHETIC AURORA MANUFACTURING 084 SL,False,1,-0.069124832,-77.105939,0.2155980568,98.927242,103.8353394,22.3866974,False,False,False,True,False,False,0,1,False,True,clean,eligible,,revenue_decline
85,SYNTHETIC NORTHSTAR LOGISTICS 085 SL,,NULES,21,2561.496403,2276.908354,599.707828,406.648143,SYNTHETIC HOLDING 02 SL,SYNTHETIC NORTHSTAR LOGISTICS 085 SL,no_adverse_marker,False,SYNTHETIC NORTHSTAR LOGISTICS 085 SL,False,1,0.1249888027,284.588049,0.2341240172,193.059685,121.9760192,28.55751562,False,False,False,False,False,False,0,0,False,False,clean,eligible,,
86,SYNTHETIC BLUEHAVEN LOGISTICS 086 SL,https://synthetic-company-086.example,NULES,65,6202.505114,6954.247517,668.513333,269.092727,SYNTHETIC HOLDING 03 SL,SYNTHETIC BLUEHAVEN LOGISTICS 086 SL,no_adverse_marker,False,SYNTHETIC BLUEHAVEN LOGISTICS 086 SL,False,1,-0.1080983099,-751.742403,0.1077811821,399.420606,95.4231556,10.28482051,False,False,False,True,False,False,0,1,False,True,clean,eligible,,revenue_decline
87,SYNTHETIC SOLARIDGE LOGISTICS 087 SL,https://synthetic-company-087.example,NULES,23,2853.802076,2520.623392,507.477295,195.370325,SYNTHETIC HOLDING 04 SL,SYNTHETIC SOLARIDGE LOGISTICS 087 SL,no_adverse_marker,False,SYNTHETIC SOLARIDGE LOGISTICS 087 SL,False,1,0.1321810648,333.178684,0.1778249793,312.10697,124.0783511,22.06423022,False,False,False,False,False,False,0,0,False,False,clean,eligible,,
88,SYNTHETIC IRONVALE LOGISTICS 088 SL,https://synthetic-company-088.example,L'ALCORA,46,5831.738901,4804.527489,462.864956,353.342395,SYNTHETIC HOLDING 05 SL,SYNTHETIC IRONVALE LOGISTICS 088 SL,no_adverse_marker,False,SYNTHETIC IRONVALE LOGISTICS 088 SL,False,1,0.2138007149,1027.211412,0.07936997247,109.522561,126.7769326,10.06228165,False,False,False,False,False,False,0,0,False,False,clean,eligible,,
89,SYNTHETIC RIVERSTONE LOGISTICS 089 SL,https://synthetic-company-089.example,ONDA,18,2654.154828,1935.778923,-77.236771,46.388592,SYNTHETIC HOLDING 06 SL,SYNTHETIC RIVERSTONE LOGISTICS 089 SL,no_adverse_marker,False,SYNTHETIC RIVERSTONE LOGISTICS 089 SL,False,1,0.3711043118,718.375905,-0.02910032609,-123.625363,147.453046,-4.290931722,False,False,True,False,False,False,0,1,False,True,clean,eligible,,negative_latest_ebitda
90,SYNTHETIC NOVACORE LOGISTICS 090 SL,,VINAROS,6,891.755347,951.005203,167.420818,69.985365,,SYNTHETIC NOVACORE LOGISTICS 090 SL,no_adverse_marker,False,SYNTHETIC NOVACORE LOGISTICS 090 SL,False,1,-0.06230234684,-59.249856,0.1877429931,97.435453,148.6258912,27.90346967,False,False,False,True,False,False,0,1,False,True,clean,eligible,,revenue_decline
91,SYNTHETIC GREENFORGE LOGISTICS 091 SL,https://synthetic-company-091.example,ALMASSORA,5,808.554966,678.854089,148.45714,124.788749,SYNTHETIC HOLDING 08 SL,SYNTHETIC GREENFORGE LOGISTICS 091 SL,no_adverse_marker,False,SYNTHETIC GREENFORGE LOGISTICS 091 SL,False,1,0.1910585487,129.700877,0.183607975,23.668391,161.7109932,29.691428,False,False,False,False,False,False,0,0,False,False,clean,eligible,,
92,SYNTHETIC CLEARPATH LOGISTICS 092 SL,https://synthetic-company-092.example,ONDA,15,4343.170074,3804.933595,195.44311,465.556595,SYNTHETIC HOLDING 09 SL,SYNTHETIC CLEARPATH LOGISTICS 092 SL,no_adverse_marker,False,SYNTHETIC CLEARPATH LOGISTICS 092 SL,False,1,0.1414575223,538.236479,0.04500010515,-270.113485,289.5446716,13.02954067,False,False,False,False,False,False,0,0,False,False,clean,eligible,,
93,SYNTHETIC PRIMEFIELD LOGISTICS 093 SL,https://synthetic-company-093.example,ONDA,23,2542.693002,3315.156125,233.130352,208.860016,,SYNTHETIC PRIMEFIELD LOGISTICS 093 SL,no_adverse_marker,False,SYNTHETIC PRIMEFIELD LOGISTICS 093 SL,False,1,-0.233009576,-772.463123,0.09168639384,24.270336,110.5518697,10.13610226,False,False,False,True,False,False,0,1,False,True,clean,eligible,,revenue_decline
94,SYNTHETIC VECTORLINE LOGISTICS 094 SL,https://synthetic-company-094.example,ONDA,111,30615.70425,28335.50298,324.98279,1421.306127,,SYNTHETIC VECTORLINE LOGISTICS 094 SL,no_adverse_marker,False,SYNTHETIC VECTORLINE LOGISTICS 094 SL,False,1,0.08047152974,2280.201271,0.01061490493,-1096.323337,275.8171554,2.927772883,False,False,False,False,False,False,0,0,False,False,clean,eligible,,
95,SYNTHETIC BRIGHTMILL LOGISTICS 095 SL,https://synthetic-company-095.example,ALMASSORA,22,2797.53388,3113.382069,15.39533,-101.630402,,SYNTHETIC BRIGHTMILL LOGISTICS 095 SL,no_adverse_marker,False,SYNTHETIC BRIGHTMILL LOGISTICS 095 SL,False,1,-0.1014485797,-315.848189,0.005503179107,117.025732,127.1606309,0.6997877273,False,False,False,True,False,False,0,1,False,True,clean,eligible,,revenue_decline
96,SYNTHETIC AURORA LOGISTICS 096 SL,https://synthetic-company-096.example,ALMASSORA,28,2703.848695,2217.462316,407.753408,274.048826,,SYNTHETIC AURORA LOGISTICS 096 SL,no_adverse_marker,False,SYNTHETIC AURORA LOGISTICS 096 SL,False,1,0.2193436955,486.386379,0.1508048171,133.704582,96.56602482,14.56262171,False,False,False,False,False,False,0,0,False,False,clean,eligible,,
97,SYNTHETIC NORTHSTAR INDUSTRIES 097 SL,,VINAROS,47,6304.272193,5810.712342,-1133.766058,-845.547552,,SYNTHETIC NORTHSTAR INDUSTRIES 097 SL,no_adverse_marker,False,SYNTHETIC NORTHSTAR INDUSTRIES 097 SL,False,1,0.08493964629,493.559851,-0.1798409116,-288.218506,134.1334509,-24.12268209,False,False,True,False,False,False,0,1,False,True,clean,eligible,,negative_latest_ebitda
98,SYNTHETIC BLUEHAVEN INDUSTRIES 098 SL,https://synthetic-company-098.example,CASTELLO DE LA PLANA,19,3130.392939,2515.046012,390.022339,-23.416031,SYNTHETIC HOLDING 03 SL,SYNTHETIC BLUEHAVEN INDUSTRIES 098 SL,no_adverse_marker,False,SYNTHETIC BLUEHAVEN INDUSTRIES 098 SL,False,1,0.2446662701,615.346927,0.1245921348,413.43837,164.7575231,20.52749153,False,False,False,False,False,False,0,0,False,False,clean,eligible,,
99,SYNTHETIC SOLARIDGE INDUSTRIES 099 SL (EN LIQUIDACION),https://synthetic-company-099.example,ONDA,31,5409.184118,4470.242664,242.376242,192.870594,SYNTHETIC HOLDING 04 SL,SYNTHETIC SOLARIDGE INDUSTRIES 099 SL EN LIQUIDACION,in_liquidation,True,SYNTHETIC SOLARIDGE INDUSTRIES 099 SL,False,1,0.2100426139,938.941454,0.04480828101,49.505648,174.4898103,7.818588452,False,False,False,False,False,False,0,1,False,True,clean,eligible,,adverse_legal_status
100,SYNTHETIC IRONVALE INDUSTRIES 100 SL (EXTINGUIDA),https://synthetic-company-100.example,NULES,107,7118.018512,10028.09947,1136.828421,1087.498797,SYNTHETIC HOLDING 05 SL,SYNTHETIC IRONVALE INDUSTRIES 100 SL EXTINGUIDA,extinct,True,SYNTHETIC IRONVALE INDUSTRIES 100 SL,False,1,-0.2901926696,-2910.080956,0.1597113606,49.329624,66.5235375,10.62456468,False,False,False,True,False,False,0,2,False,True,clean,eligible,,adverse_legal_status|revenue_decline
101,SYNTHETIC RIVERSTONE INDUSTRIES 101 SL,https://synthetic-company-101.example,L'ALCORA,54,6786.84875,6809.008798,759.168506,853.920551,SYNTHETIC HOLDING 06 SL,SYNTHETIC RIVERSTONE INDUSTRIES 101 SL,no_adverse_marker,False,SYNTHETIC RIVERSTONE INDUSTRIES 101 SL,False,1,-0.003254518926,-22.160048,0.111858763,-94.752045,125.6823843,14.05867604,False,False,False,True,False,False,0,1,False,True,clean,eligible,,revenue_decline
102,SYNTHETIC NOVACORE INDUSTRIES 102 SL,,VILA-REAL,21,2314.388584,1979.864223,120.746329,121.20133,,SYNTHETIC NOVACORE INDUSTRIES 102 SL,no_adverse_marker,False,SYNTHETIC NOVACORE INDUSTRIES 102 SL,False,1,0.168963284,334.524361,0.05217202065,-0.455001,110.2089802,5.74982519,False,False,False,False,False,False,0,0,False,False,clean,eligible,,
103,SYNTHETIC GREENFORGE INDUSTRIES 103 SL,https://synthetic-company-103.example,NULES,30,1487.886006,2005.248735,197.166304,5.424471,SYNTHETIC HOLDING 08 SL,SYNTHETIC GREENFORGE INDUSTRIES 103 SL,no_adverse_marker,False,SYNTHETIC GREENFORGE INDUSTRIES 103 SL,False,1,-0.2580042665,-517.362729,0.1325143883,191.741833,49.5962002,6.572210133,False,False,False,True,False,False,0,1,False,True,clean,eligible,,revenue_decline
104,SYNTHETIC CLEARPATH INDUSTRIES 104 SL,https://synthetic-company-104.example,BENICARLO,18,2721.03991,3266.499107,298.726011,334.803671,SYNTHETIC HOLDING 09 SL,SYNTHETIC CLEARPATH INDUSTRIES 104 SL,no_adverse_marker,False,SYNTHETIC CLEARPATH INDUSTRIES 104 SL,False,1,-0.1669858705,-545.459197,0.1097837668,-36.07766,151.1688839,16.5958895,False,False,False,True,False,False,0,1,False,True,clean,eligible,,revenue_decline
105,SYNTHETIC PRIMEFIELD INDUSTRIES 105 SL,,VILA-REAL,36,3148.783958,3011.289918,279.580236,575.45965,SYNTHETIC HOLDING 10 SL,SYNTHETIC PRIMEFIELD INDUSTRIES 105 SL,no_adverse_marker,False,SYNTHETIC PRIMEFIELD INDUSTRIES 105 SL,False,1,0.04565951594,137.49404,0.08878990738,-295.879414,87.46622106,7.766117667,False,False,False,False,False,False,0,0,False,False,clean,eligible,,
106,SYNTHETIC VECTORLINE INDUSTRIES 106 SL,https://synthetic-company-106.example,ONDA,41,6165.934695,5738.050072,1082.190373,1168.809791,,SYNTHETIC VECTORLINE INDUSTRIES 106 SL,no_adverse_marker,False,SYNTHETIC VECTORLINE INDUSTRIES 106 SL,False,1,0.07456969138,427.884623,0.1755111636,-86.619418,150.3886511,26.39488715,False,False,False,False,False,False,0,0,False,False,clean,eligible,,
107,SYNTHETIC BRIGHTMILL INDUSTRIES 107 SL,https://synthetic-company-107.example,NULES,60,6877.665683,7609.418675,-342.101619,-381.170019,SYNTHETIC HOLDING 12 SL,SYNTHETIC BRIGHTMILL INDUSTRIES 107 SL,no_adverse_marker,False,SYNTHETIC BRIGHTMILL INDUSTRIES 107 SL,False,1,-0.0961641123,-731.752992,-0.04974094915,39.0684,114.6277614,-5.70169365,False,False,True,True,False,False,0,2,False,True,clean,eligible,,negative_latest_ebitda|revenue_decline
108,SYNTHETIC AURORA INDUSTRIES 108 SL,https://synthetic-company-108.example,CASTELLO DE LA PLANA,45,3781.019699,3487.544155,-336.014276,58.116653,SYNTHETIC HOLDING 01 SL,SYNTHETIC AURORA INDUSTRIES 108 SL,no_adverse_marker,False,SYNTHETIC AURORA INDUSTRIES 108 SL,False,1,0.08414962821,293.475544,-0.08886869224,-394.130929,84.02265998,-7.466983911,False,False,True,False,False,False,0,1,False,True,clean,eligible,,negative_latest_ebitda
109,SYNTHETIC NORTHSTAR SYSTEMS 109 SL,https://synthetic-company-109.example,ALMASSORA,18,2377.718416,1793.46679,631.043352,408.771354,SYNTHETIC HOLDING 02 SL,SYNTHETIC NORTHSTAR SYSTEMS 109 SL,no_adverse_marker,False,SYNTHETIC NORTHSTAR SYSTEMS 109 SL,False,1,0.3257666265,584.251626,0.2653986897,222.271998,132.0954676,35.057964,False,False,False,False,False,False,0,0,False,False,clean,eligible,,
110,SYNTHETIC BLUEHAVEN SYSTEMS 110 SL,https://synthetic-company-110.example,VILA-REAL,15,3742.798451,3741.390761,-217.50183,-36.504324,SYNTHETIC HOLDING 03 SL,SYNTHETIC BLUEHAVEN SYSTEMS 110 SL,no_adverse_marker,False,SYNTHETIC BLUEHAVEN SYSTEMS 110 SL,False,1,0.0003762477886,1.40769,-0.05811208721,-180.997506,249.5198967,-14.500122,False,False,True,False,False,False,0,1,False,True,clean,eligible,,negative_latest_ebitda
111,SYNTHETIC SOLARIDGE SYSTEMS 111 SL,,VINAROS,13,1693.646722,1698.274677,-204.284359,-12.83284,SYNTHETIC HOLDING 04 SL,SYNTHETIC SOLARIDGE SYSTEMS 111 SL,no_adverse_marker,False,SYNTHETIC SOLARIDGE SYSTEMS 111 SL,False,1,-0.002725092155,-4.627955,-0.1206180465,-191.451519,130.2805171,-15.71418146,False,False,True,True,False,False,0,2,False,True,clean,eligible,,negative_latest_ebitda|revenue_decline
112,SYNTHETIC IRONVALE SYSTEMS 112 SL,https://synthetic-company-112.example,NULES,55,7086.838361,7019.756748,76.03639,346.295112,SYNTHETIC HOLDING 05 SL,SYNTHETIC IRONVALE SYSTEMS 112 SL,no_adverse_marker,False,SYNTHETIC IRONVALE SYSTEMS 112 SL,False,1,0.009556116459,67.081613,0.01072924005,-270.258722,128.8516066,1.382479818,False,False,False,False,False,False,0,0,False,False,clean,eligible,,
113,SYNTHETIC RIVERSTONE SYSTEMS 113 SL,https://synthetic-company-113.example,CASTELLO DE LA PLANA,16,1197.984783,1089.701101,57.41836,99.354129,SYNTHETIC HOLDING 06 SL,SYNTHETIC RIVERSTONE SYSTEMS 113 SL,no_adverse_marker,False,SYNTHETIC RIVERSTONE SYSTEMS 113 SL,False,1,0.09937007671,108.283682,0.04792912299,-41.935769,74.87404894,3.5886475,False,False,False,False,False,False,0,0,False,False,clean,eligible,,
114,SYNTHETIC NOVACORE SYSTEMS 114 SL,,VILA-REAL,9,913.715517,854.221403,97.02769,76.951224,SYNTHETIC HOLDING 07 SL,SYNTHETIC NOVACORE SYSTEMS 114 SL,no_adverse_marker,False,SYNTHETIC NOVACORE SYSTEMS 114 SL,False,1,0.06964718256,59.494114,0.1061902618,20.076466,101.5239463,10.78085444,False,False,False,False,False,False,0,0,False,False,clean,eligible,,
115,SYNTHETIC GREENFORGE SYSTEMS 115 SL,https://synthetic-company-115.example,BENICARLO,22,1535.311622,1325.595862,137.422475,71.996793,SYNTHETIC HOLDING 08 SL,SYNTHETIC GREENFORGE SYSTEMS 115 SL,no_adverse_marker,False,SYNTHETIC GREENFORGE SYSTEMS 115 SL,False,1,0.1582048994,209.71576,0.08950787126,65.425682,69.78689191,6.246476136,False,False,False,False,False,False,0,0,False,False,clean,eligible,,
116,SYNTHETIC CLEARPATH SYSTEMS 116 SL,https://synthetic-company-116.example,BENICARLO,50,5213.841365,4196.206242,878.891902,551.971222,SYNTHETIC HOLDING 09 SL,SYNTHETIC CLEARPATH SYSTEMS 116 SL,no_adverse_marker,False,SYNTHETIC CLEARPATH SYSTEMS 116 SL,False,1,0.2425131331,1017.635123,0.1685689764,326.92068,104.2768273,17.57783804,False,False,False,False,False,False,0,0,False,False,clean,eligible,,
117,SYNTHETIC PRIMEFIELD SYSTEMS 117 SL,https://synthetic-company-117.example,L'ALCORA,75,6202.277924,,1227.376743,1205.907858,SYNTHETIC HOLDING 10 SL,SYNTHETIC PRIMEFIELD SYSTEMS 117 SL,no_adverse_marker,False,SYNTHETIC PRIMEFIELD SYSTEMS 117 SL,False,1,,,0.1978912841,21.468885,82.69703899,16.36502324,False,False,False,False,False,True,1,0,True,False,review,not_eligible,incomplete_financial_data,
118,SYNTHETIC VECTORLINE SYSTEMS 118 SL,https://synthetic-company-118.example,VINAROS,15,,,160.012066,0.530473,SYNTHETIC HOLDING 11 SL,SYNTHETIC VECTORLINE SYSTEMS 118 SL,no_adverse_marker,False,SYNTHETIC VECTORLINE SYSTEMS 118 SL,False,1,,,,159.481593,,10.66747107,False,False,False,False,False,True,1,0,True,False,review,not_eligible,incomplete_financial_data,
119,SYNTHETIC BRIGHTMILL SYSTEMS 119 SL,https://synthetic-company-119.example,ONDA,21,,,,390.760025,SYNTHETIC HOLDING 12 SL,SYNTHETIC BRIGHTMILL SYSTEMS 119 SL,no_adverse_marker,False,SYNTHETIC BRIGHTMILL SYSTEMS 119 SL,False,1,,,,,,,False,False,False,False,False,True,1,0,True,False,review,not_eligible,incomplete_financial_data,
120,SYNTHETIC AURORA SYSTEMS 120 SL (EN DISOLUCION),https://synthetic-company-120.example,CASTELLO DE LA PLANA,10,,,,193.533954,SYNTHETIC HOLDING 01 SL,SYNTHETIC AURORA SYSTEMS 120 SL EN DISOLUCION,in_dissolution,True,SYNTHETIC AURORA SYSTEMS 120 SL,False,1,,,,,,,False,False,False,False,False,True,1,1,True,True,review,not_eligible,incomplete_financial_data,adverse_legal_status
